id, username, email, role
2,shelbyward,shelbyward@gmail.com,PROVIDER
3,cornellebert,cornellebert@gmail.com,PROVIDER
4,kylemurray,kylemurray@gmail.com,PROVIDER
5,paulnikolaus,paulnikolaus@gmail.com,PROVIDER
6,malikprice,malikprice@gmail.com,PROVIDER
7,brendalegros,brendalegros@gmail.com,PROVIDER
8,chungwalsh,chungwalsh@gmail.com,PROVIDER
9,hirokocorkery,hirokocorkery@gmail.com,PROVIDER
10,hymanerdman,hymanerdman@gmail.com,PROVIDER
11,joshualehner,joshualehner@gmail.com,PROVIDER
12,georgedach,georgedach@gmail.com,PROVIDER
13,conniesmitham,conniesmitham@gmail.com,PROVIDER
14,coreymcglynn,coreymcglynn@gmail.com,PROVIDER
15,rodneyfranecki,rodneyfranecki@gmail.com,PROVIDER
16,karanrenner,karanrenner@gmail.com,PROVIDER
17,gilrippin,gilrippin@gmail.com,PROVIDER
18,aurorawiza,aurorawiza@gmail.com,PROVIDER
19,selenagoldner,selenagoldner@gmail.com,PROVIDER
20,mellisafunk,mellisafunk@gmail.com,PROVIDER
21,dolliecartwright,dolliecartwright@gmail.com,PROVIDER
22,herbertrice,herbertrice@gmail.com,PROVIDER
23,jadegrady,jadegrady@gmail.com,PROVIDER
24,ilonaquitzon,ilonaquitzon@gmail.com,PROVIDER
25,garfieldmcclure,garfieldmcclure@gmail.com,PROVIDER
26,alessandrajast,alessandrajast@gmail.com,PROVIDER
27,dudleyconsidine,dudleyconsidine@gmail.com,PROVIDER
28,erickdurgan,erickdurgan@gmail.com,PROVIDER
29,shakiraabbott,shakiraabbott@gmail.com,PROVIDER
30,diegosmith,diegosmith@gmail.com,PROVIDER
31,tegankassulke,tegankassulke@gmail.com,PROVIDER
32,robbid'amore,robbid'amore@gmail.com,PROVIDER
33,goldagreenfelder,goldagreenfelder@gmail.com,PROVIDER
34,lindsaygoldner,lindsaygoldner@gmail.com,PROVIDER
35,lamarflatley,lamarflatley@gmail.com,PROVIDER
36,shericecollier,shericecollier@gmail.com,PROVIDER
37,shaylamacejkovic,shaylamacejkovic@gmail.com,PROVIDER
38,phillipleuschke,phillipleuschke@gmail.com,PROVIDER
39,clararunolfsson,clararunolfsson@gmail.com,PROVIDER
40,deshawnsauer,deshawnsauer@gmail.com,PROVIDER
41,willenarussel,willenarussel@gmail.com,PROVIDER
42,jewellrosenbaum,jewellrosenbaum@gmail.com,PROVIDER
43,keithbauch,keithbauch@gmail.com,PROVIDER
44,jcspinka,jcspinka@gmail.com,PROVIDER
45,dwainmarks,dwainmarks@gmail.com,PROVIDER
46,ruthannesteuber,ruthannesteuber@gmail.com,PROVIDER
47,ivandonnelly,ivandonnelly@gmail.com,PROVIDER
48,wendipadberg,wendipadberg@gmail.com,PROVIDER
49,cliftonnolan,cliftonnolan@gmail.com,PROVIDER
50,joanniekoch,joanniekoch@gmail.com,PROVIDER
51,numbersstehr,numbersstehr@gmail.com,PROVIDER
52,kristybecker,kristybecker@gmail.com,PROVIDER
53,edmondvonrueden,edmondvonrueden@gmail.com,PROVIDER
54,venettajohnston,venettajohnston@gmail.com,PROVIDER
55,tammerahauck,tammerahauck@gmail.com,PROVIDER
56,steviecollins,steviecollins@gmail.com,PROVIDER
57,deidradonnelly,deidradonnelly@gmail.com,PROVIDER
58,asuncionwhite,asuncionwhite@gmail.com,PROVIDER
59,jaysimonis,jaysimonis@gmail.com,PROVIDER
60,wilfredodickens,wilfredodickens@gmail.com,PROVIDER
61,kassiehane,kassiehane@gmail.com,PROVIDER
62,charissalehner,charissalehner@gmail.com,PROVIDER
63,conraddurgan,conraddurgan@gmail.com,PROVIDER
64,jeromyfritsch,jeromyfritsch@gmail.com,PROVIDER
65,efrengusikowski,efrengusikowski@gmail.com,PROVIDER
66,jaquelyncrona,jaquelyncrona@gmail.com,PROVIDER
67,lainicolas,lainicolas@gmail.com,PROVIDER
68,thersawillms,thersawillms@gmail.com,PROVIDER
69,frankfeil,frankfeil@gmail.com,PROVIDER
70,dorriskozey,dorriskozey@gmail.com,PROVIDER
71,michelinarath,michelinarath@gmail.com,PROVIDER
72,hazelosinski,hazelosinski@gmail.com,PROVIDER
73,curtiskemmer,curtiskemmer@gmail.com,PROVIDER
74,albazieme,albazieme@gmail.com,PROVIDER
75,stanhermiston,stanhermiston@gmail.com,PROVIDER
76,juanitaschuppe,juanitaschuppe@gmail.com,PROVIDER
77,issachaley,issachaley@gmail.com,PROVIDER
78,tabethavonrueden,tabethavonrueden@gmail.com,PROVIDER
79,janeneschulist,janeneschulist@gmail.com,PROVIDER
80,demetriabrakus,demetriabrakus@gmail.com,PROVIDER
81,brooksklocko,brooksklocko@gmail.com,PROVIDER
82,kerrikerluke,kerrikerluke@gmail.com,PROVIDER
83,jarodleffler,jarodleffler@gmail.com,PROVIDER
84,clintonmann,clintonmann@gmail.com,PROVIDER
85,tajuanapaucek,tajuanapaucek@gmail.com,PROVIDER
86,miyokowalsh,miyokowalsh@gmail.com,PROVIDER
87,jeraldineframi,jeraldineframi@gmail.com,PROVIDER
88,francissauer,francissauer@gmail.com,PROVIDER
89,diananitzsche,diananitzsche@gmail.com,PROVIDER
90,stewartgleason,stewartgleason@gmail.com,PROVIDER
91,hoytjaskolski,hoytjaskolski@gmail.com,PROVIDER
92,rickielakin,rickielakin@gmail.com,PROVIDER
93,jacquesbergnaum,jacquesbergnaum@gmail.com,PROVIDER
94,genarowest,genarowest@gmail.com,PROVIDER
95,leandrobrakus,leandrobrakus@gmail.com,PROVIDER
96,derricknolan,derricknolan@gmail.com,PROVIDER
97,karynritchie,karynritchie@gmail.com,PROVIDER
98,elanetremblay,elanetremblay@gmail.com,PROVIDER
99,isidrohickle,isidrohickle@gmail.com,PROVIDER
100,karendeckow,karendeckow@gmail.com,PROVIDER
101,melissiaparker,melissiaparker@gmail.com,PROVIDER
